place_code,race_type,course_len_m,course_note,prose_guide
05,芝,1400,,"向正面に入る地点、下り坂の途中からのスタートとなる。100mほど走ったところから今度は急激な上り坂になるので、ゲートから勢いよくダッシュしていくと最後に脚をなくすことになる。スタート後300mあたりからは長い下り坂に入り、そこで平坦に移るので、スピードの乗りはやや遅め。つまり序盤は緩めに入って、下りを利して徐々に加速するイメージだ。またペースが落ち着くあたりからカーブが始まるので、多頭数時の外枠に入った差し馬勢は、スローだとずっと外を回らされる恐れがあり、特に幅員が最も狭いDコース施行時は厳しい競馬になりがちだ。最大高低差は約2.5m。東京の芝では最も短距離ながら、二度の上り坂があるうえにゴール前の直線は長いという、なかなか難しいコースだけに、馬券が荒れやすいことでも知られている。"
05,芝,1600,,"GIが3鞍、春開催に集中して行なわれる重要なコース。2コーナーを曲がり切ったあたりがスタート地点になっていて、そこから緩めの下り坂が300m続く。向正面の直線の平坦部分を長く使うので、逃げたい馬は十分に加速でき、その勢いで3コーナー手前の短い上り坂を駆け上がることが可能。また同型が少なければ、ペースを抑えながら坂へ備えることもできる。だから基本的には前有利になりがちだ。それでなくても、終いの直線が長く、3、4角のカーブが緩い東京では、そうなるケースが多い。マイルの場合はとりわけ冬開催のDコース使用時に目立つ。ただし、力のある差し・追い込み馬が多くなるGIでは、逃げ・先行馬同士で上位独占となることはあまりない。またその年の気候にもよるが、マイルの時計が最も速いのは、5月の開催となることが多い。"
05,芝,1800,,"スタート地点が、この距離設定でしか通らない引き込み線にある。そこから約150mを斜めに走り、かなり緩い角度で1600mのスタート地点である向正面の起点に入っていく。つまりスタート後はまったく荒れていない区間をダッシュすることになり、逃げ・先行馬は加速をつけやすい。よほど同型馬が揃わない限りは隊列がスンナリ決まり、そこから3角の上りへ向けて下りが続くので、なおさらレース前半の動きは小さくなるわけだ。これが「府中の千八、展開要らず」の格言の理由になっていると考える。紛れもマグレも出にくいコースということだ。それなのにGIは組まれていないのだが、東京スポーツ杯2歳S、共同通信杯、毎日王冠と、GIIの中でも特に重要な前哨戦として位置付けられるレースが施行されており、これらのレースの上位馬がその後、競馬界の中核を担っていくことが多いのも頷けるところだ。"
05,芝,2000,,"東京競馬場で最も西寄りにあるポケット地点からスタートを切る。100m程度の短い直線を走った後、左にカーブを切ることになるので、形状としては中山マイルのようなトリッキーな部類のコースとなる。当然ながら外枠に大きな不利があって、古い話だがフルゲートの大外馬番に入ったメジロマックィーンの天皇賞秋での大斜行から1位入線から18着降着事件の原因となった。2006年のコース改修の際に、2コーナーに向かう進入角度を緩める改修が行なわれたが、依然として外枠は不利という騎手の声が絶えない。外枠に逃げ先行馬が入ると、不利を嫌って内へ寄せながらダッシュしていくので内枠の馬が絞られやすく、流れが速まったまま下り坂に入るため、序盤で脚を使ってしまう。ただ坂を上ってからスローに落とせると、中団以降との距離が開いている分、直線も粘りやすくなる。逃げ馬の枠が、展開と結果を大きく左右するコースである。"
05,芝,2400,,"ダービー、オークス、ジャパンCといった、GIの頂点ともいえるレースが施行され、東京マイルと並ぶ最重要コースだ。スタートはスタンド前の上り坂途中にあり、高低差約2mの坂を2回上り下りする。しかも最後の直線が長いため、どうしても前半は脚を温存しがちになり、前有利・内有利となりやすい。特にCコース替わりで行なわれるダービーには、その傾向が強いことが広く知られている。現在の形状に改修されてからは、意外と展開に左右されることが増えてきた。果たして、これで真のチャンピオン決定コースとしてふさわしいといえるのか、疑問もある。また、3角から直線に入るまでのカーブが長いので、この地点を外で回ってしまうと距離ロスがとても大きい。差し馬なら位置取りが悪くなっても道中は内で回って、直線で外へ出せるような枠を優先したい。なお組まれているレース数が少ないので、通年でデータを出している。"
05,ダート,1300,,"重賞どころか高額条件がほとんど組まれていないうえに、東京にしかない距離の特殊コース。ダートのスプリンターが使えるように無理やりつくったようにも思えるが、確かに1400mと両方で好走している馬は少ない印象がある。かといって中山ダ1200mとは、スタート地点がダートである時点で違う。さらに、スタートから下りに入ってゴール前まで坂のない中山に対し、スタートして短い下り坂の後、上り坂が序盤にあるこのコースは、レースの構成もまったく異なる。だから中山1200mとリンクするというわけでもない（あくまで個体としての話。種牡馬はリンクする）。つまり、このコース固有の巧者を生みやすいということだ。また、砂を被ることを嫌がらない馬なら、中山ダ1200mよりもイン差しを決めやすい。内枠の差し馬は出遅れなければ意外と利がある。外枠の差し馬は、距離ロスを避けられるかがカギ。意外と前有利とはいい切れないコースでもある。"
05,ダート,1400,,"JRAでは、ダート1400mは4場で施行されているが、その中で東京はスタート地点が芝ではない唯一のコースだ。また直線部分が4場の中で最も長く、ペースは顔ぶれ次第で変わり、好走脚質の偏りは少ない。そしてスタート後の下り坂部分イコール3角前の上り坂までの助走距離がやや長いので、場合によっては100m短い1300mより、同じ馬場状態かつ同じクラスの比較ならテンの3Fがむしろ速くなることもある。重賞は根岸Sだけだが、OP特別は多数組まれている。また2、3歳の特別戦も多く、中央のダートの中では重要な位置付けのコースとなっている。個人的な話になるが、以前、某地方所属騎手が「中央のダートで最も好きなコース」として挙げていたことが印象的だ。"
05,ダート,1600,,"JRA全場で東京にしかないダートのマイル。フェブラリーS（GI）が組まれている舞台だ。2角の引き込み線にあるスタート地点から、フルゲートで8枠の馬の場合は約180m芝を走ってからダートに入る（外に行くほど芝の部分を長く走る）。そのため、ダートの本質のパワーよりもスピードの領分が大きくなる、異色のコースといえる。また馬番1番に入った場合、逃げか番手あたりに出して行ける馬でないと、かなり不利になることで知られる。これは芝を横切りダートに入るときに、ラチのない部分を通る際、外から寄られると前方に迫るダートコースの内ラチに接触する恐れがあるからで、寄られたら大きく下げざるを得ないのだ。また、スタート後は直線の長い下り坂が続くので、前半のペースは上がる。差しや追い込みもよく決まるコースだ。"
05,ダート,2100,,"これもJRAでは東京にしかない距離設定。かつてはGIのジャパンCダートが施行されていて、広いコースをフルに使うこともあり、大レースにふさわしい舞台ではあった。現在はブラジルCなどいくつかのOP特別は組まれているが、重賞施行コースではないのが個人的には残念だ。スタート後は平坦で、230mほど直線を走ると1角のカーブを回りながら下り、向正面後半で坂を上り、その後はダートコースとしては日本一長い直線へ向かう。もちろん、その途中でもう一度坂を上ることになる。そしてスタート地点を過ぎゴール。オールダートでの中距離戦で、スタミナとパワーが重要。逃げ切りは難しいが、後方一気も決まりにくいコースである。また外枠の馬も内に入れるチャンスが何カ所かあるので、枠の内外の差はあまりない。"
06,芝,1200,,"外回りコースの3角直後の高い地点から一気に坂を下り、平坦部分をブーメラン状に急カーブを切ってまた下り坂、ゴール前に今度は急坂を駆け上がるという、かなり特殊な形状だ。かなり長い区間が下り坂なのがミソで、ステップや骨格から下りを苦手とする馬には厳しく、他場の1200mでは強くても、ここではまったく走れないというケースも頻出する。また高低差は約4mとかなり大きい。できればコース実績がほしいところだ。時計は秋の野芝開催が最も速いのが普通なのだが、春の序盤に組まれているGIIIのオーシャンSでも、意外と野芝のGI・スプリンターズS並みの時計が出る年がある。また枠の内外は意外と偏らないが、外枠の差し馬は急カーブで振られるため、上位には来ても差し切りは難しい。"
06,芝,1600,,"2コーナー手前にある、外回りと内回りの分岐点からスタート。外回りコースへ短い直線を斜めに入っていくと、すぐに下り坂の急カーブを走るという、かなりトリッキーな形状だ。そこからは1200mと同じ経路を辿る。スタート後がカーブなので、8枠の不利は昔から定説となっている。一時は解消されたような時期もあったが、近年は14頭以上なら外の不利がまた強まってきた。最大高低差は約5mあり、これは全場で最も大きい。外枠の逃げ・先行馬は早めに位置を取りたいし、1枠の逃げ・先行馬は被せられたくないし……で、この脚質の枠の配置がペースを決める。中枠に入ったときが落ち着いた競馬となりがちだ。また高低差がないだけで形状が似ている札幌芝1500mと好走馬がリンクする面白い傾向も出ている。"
06,芝,1800,,"起伏図を見ておわかりのように、前半の負担がかなり大きいコースである。スタート地点が上り坂の途中のため、ダッシュは利きづらい。またスタート後1Fで内回りに入るカーブが来るので、なおさら序盤のペースが上がらず、スローペースになりがちだ。しかも2角からずっと下りに転じているので、後方勢がここで前との差を詰めようとしても、前も加速していくために難しい。ある程度、後続も位置を取りにいかなければならない難コースで、中山芝の中でも最も苦手不得手、コース巧者が出やすいコースである。中山にしては珍しく瞬発力競馬になりやすく、また上りが続く序盤に無理をしてしまうケースが多いので、スローになりがちでも、逃げ切りは意外と難しい。"
06,芝,2000,,"1800mに比べると、4角奥にスタート地点があって助走区間が200m近くあり、しかもそこが下り坂なので、加速をつけて直後の上り坂に入れる。序盤のペースは1800mより速くなるケースもある。1角からは、1800mと同じく内回りコースに入っていく。向正面は下り坂で息が入りにくく、マクるのは騎手のペース判断とタイミングがすべて。下り切る寸前の地点で早めに動き出すのが最も効果的に思える（例・ゴールドシップの皐月賞）。最初のコーナーに入るまでがおよそ400mあるので、外枠は意外と不利にならない。なお春開催後半は南風が強く、斜め後ろからの追い風に乗って早めに仕掛ける差し馬に利が出る傾向がある。"
06,芝,2200,,"スタート地点は2000mと同じ。内回り外回りの分岐点からさらに坂を上って外回りコースへ入っていき、そこからは1600mと同じ経路を辿る。最大高低差はおよそ5mもあるタフなコースだ。頂上地点までに脚を使うので、前に行った組は下り坂にも関わらず2角以降で脚を溜める必要があるため、外回りのコーナーの緩さも相まって、前半中団以降に待機していた馬のマクリが最も決まるコースである。そのためか、外枠の成績が高めだ。冬開催でアメリカJCC、秋開催でセントライト記念とオールカマーといった、重要なGII戦の舞台となっている。ただ特殊な形状なので、他場のGIより、近似形状の有馬記念での好走馬を出しやすい傾向がある。"
06,芝,2500,,"3角の奥、外回りと内回りの合流点寸前の下り坂にスタート地点がある。有馬記念でおなじみの光景だ。坂を下りながら正面スタンド前に入り、中盤に差しかかるゴール板前からは上り坂の連続。そして内回りコースに入り、しばらく平坦区間や下り坂をこなし、下りながら急カーブを切って直線へ入り、ゴール前の急坂を目指す。アップダウンの激しい難コースだ。コース形状から、少しは序盤が流れそうな気がするが、全体の距離と中盤の上りを意識することからスローペースが定番で、終盤5Fが速くなる傾向が強い。また有馬記念で毎年1枠有利が喧伝されるので、そのイメージが強まっているが、通年のコースデータを取ると決してそんなことはない。むしろ6枠から外のほうが安定しているくらいだ。ただ頭数にもよる。フルゲートでは、やはり距離ロスも大きくなってくる。"
06,ダート,1200,,"向正面の2角奥にある引き込み線、芝の上からのスタートとなる。3コーナーまで500mも直線を走り、しかもスタート後からまもなく下り坂。いったん緩くなっても、また直線半ばまで下り坂という超加速型コース。そのため、ほぼ例外なくハイペースとなる。外枠の馬は長く芝を走るので、外枠の逃げ先行馬は有利な展開となる。ただ、ペースが上がりすぎて、ゴール手前の上りの急坂で一気に形成が逆転するシーンもある。同型脚質や枠の並びが展開を分ける。また風の影響を最も受けるコースで、直線追い風、つまりスタート地点が向かい風のときは、長い区間向かい風に逆らって飛ばしていくため、逃げ・先行馬が直線で失速しやすい。"
06,ダート,1800,,"重賞はマーチSしか組まれていないが、OP特別は多数組まれていて、ダート中距離戦線にとっては重要なステップコースとなっている。4角を回った直後のスタート地点から、緩い下り坂を200m近く走ってから急坂を上る。2角まで緩やかに上ってから一気に下り、その後平坦区間や、さらなる下り坂を経て直線へ、そしてゴール前に急坂を上る。スタンド前の直線は、主場のダート1800mでは最短の308m。最大高低差はおよそ4.5mで、これはJRAのダートコースで最も大きい。逃げ・先行馬が有利のイメージがあるが、統計を取ると偏りはそれほどない。とはいえ、4角で前のほうにいないと厳しいコースである。直線に賭ける脚質の馬は、ペースがハマらないと3着止まりになることがほとんどだ。枠は脚質次第ではあるが、中枠から外のほうがやや優位になっている。"
06,ダート,2400,,"起伏図の紙幅の都合により、前半の縮尺が小さくなっていて、中盤以降とのバランスが取れていない点はご了承願いたい。スタート地点は向正面、緩い下り坂の途中で、そこからコース半周近くは平坦や下り坂が続く。スタンド前に入ってからは、1800mと同じ経路を通ることになる。加速のつきやすい前半のコース形状にも関わらず、距離を意識して逃げ・先行馬はゆっくりゆっくり入っていこうとするので、大半がスローペースとなる。2周目に入るあたりから加速が始まり、3角ではマクリ合いになることが多い。とにかくスタミナ、脚の持続力が求められるコースだ。OPのレースは組まれておらず、大半が古馬1勝クラスと2勝クラス。かなり顕著なリピーターコースでもある。"
08,芝,1200,,"内回りコース使用。2角を回って向正面に入ってすぐの地点からスタートとなる。1F走らないうちにすぐに上り坂となり、頂上の平坦部分を走ると、3角を回りながらの下り坂に入る。4角までに下り切ると、あとはゴールまで平坦。最大高低差は3mだ。なお、通年オーバーシード開催である。勝率はバラけるが、複勝率では内有利の傾向が強い。そして8枠の成績が最も下がる。基本的に内枠の先行馬を優先的に考えるべきコースである。ただ、スタート後の急坂をダッシュして上るとゴール前で堪えるケースも。逃げ馬が数頭揃った場合は、一転して差し馬が浮上するコースでもある。特に上級クラスでそうしたケースが発生することが多い。また、逃げ馬が外枠に入った場合も割り引きが必要だ。"
08,芝,1400,内,"基本的に2歳、3歳限定レースしか組まれないコースだ。特別戦はあるが重賞は組まれていない。ここは開催時期を分けると、あまりにサンプルが少なくなるので、通年のデータとなる。スタート地点は2角のポケット入口にあり、そこから350mほど直線を走ってから坂を上る。あとは1200mと同じ経路を辿る。高低差は3mで、3コーナーのカーブまでは520mと長い。1200m同様、8枠はかなり不利となる。未勝利戦や新馬戦が大半なので、なおさらレース慣れしていない馬ばかりということもあり、1〜3枠あたりに入った逃げ・先行馬がスムーズに回ってそのまま押し切るケースが目立つ。"
08,芝,1400,外,"内回りと違い、こちらは2歳戦では重賞だけ、3歳馬は特別戦のみ、そして古馬のすべての芝1400m戦で使用される。スタート地点は内回りより3角寄りになるが、最後の直線が内回りの328mに対し404mに延びる。最初の坂までは短く、アップダウンも内回りより大きい。最大高低差はおよそ4mある。スタート後まもなく上り坂があるのでペースが上がりにくく、直線の長さを意識して後ろの動き出しも遅めなので、逃げ馬の粘り込みが目立つコースだ。なお内外の有利不利はそれほどない。1200m実績のある馬よりも、マイルもこなす馬のほうが対応しやすく、また1400mというか、このコースでのスペシャリストが出やすい。"
08,芝,1600,内,"1400mの内回り同様、2歳と3歳限定戦の1勝クラス以下で使用される。向正面のポケットからスタートし、およそ500mの平坦直線を走る。そこから3mの急勾配を上り、頂上で平坦を少し走ってから急な下り坂の3角から4角を経て、328mの平坦な直線を走ってゴール。小回りの内回りなのに、意外にも1枠、2枠の成績が悪い。1枠は勝率ワースト、2枠は複勝率ワーストである。もちろん脚質次第というところはあるが、好成績なのは6、7枠となっている。基本的には内回りの1400mと比べると、前半が200m長いだけの違いなので、前走内回り1400mで好走していた馬が出てきた場合は、連続好走するケースが少なくない。"
08,芝,1600,外,"マイルCS、マイラーズCなどが組まれているコース。向正面奥の引き込み線からスタートし、400mほど平坦の直線を走ってから外回りコースに入って、上り坂が始まる。一度上ってから、また角度の違う坂を上るという難所で、3角で最高地点に達し、そこからは急激な下り坂、そして平坦の直線へ入っていく。直線は404m。高低差は最大4mある。なぜか3枠の勝率がとても低いこと以外は、複勝率や連対率で見ると枠の有利不利は小さいコース。外差しになることもあるが、4角のカーブが大きいため、下り坂で外から加速をつけすぎると、コーナーリングで大きく振られてしまうことも。追い込みにはやや不利で、逃げ切りも多い。"
08,芝,1800,,"向正面奥のポケット最深部からのスタート。600mもの間平坦な直線を走ってから坂に入り、そこを上りながら3角へ。カーブに入るまでは900mもあり、これほど長い区間を一直線に走るコースは、傾斜の有無はあるとはいえ、新潟とここくらいだろう。坂を上ってからは、外回りのマイルと同じ経路を辿る。直線が長いうえにワンターンのため、他場の1800mより概して時計は速くなる。高速上がりの脚を使える馬、血統が適している舞台だ。勝率、連対率ベースで見ると、5枠から外の枠のほうが好走率は高い。好位から瞬発力を活かす脚質の利が出るコースで、紛れは比較的少なめといえる。"
08,芝,2000,,"秋華賞が行なわれるコース。正面スタンド前からスタートし、およそ300m平坦な直線を走って1角へ入る。そのまま向正面に入って、3角へ向けて内回りコースに入り坂を上り、頂点で少し平坦を走ってから4角へ向けて下り坂、あとはずっと直線平坦の328mを走ってゴールとなる。向正面でペースが緩むことが多いのだが、秋華賞など上級のレースでは緩みなく流れることも珍しくなく、直線で前がガラリと入れ替わることもある。枠は内が有利とも、外が不利ともいい切れない。小回りコーナー4つのコースにしては、枠についてはフェアなほうだろう。脚質もペース次第のところがあるが、4角に先頭、2番手で入ってきた馬が馬券になる確率は高い。とにかく持続力勝負の難コースである。"
08,芝,2200,,"GIはエリザベス女王杯、それにGIIの京都記念と京都新聞杯が行なわれているコース。外回りである。正面スタンド前、直線入って間もないところからスタートし、向正面過ぎの上り坂まで延々1000mもの間、コーナーを含む平坦区間を走る。2段階の上り坂のあと、3角過ぎから一気に下って4角からの平坦直線は、他の外回りコースと同じ。ゆったりしたペースになりがちで上がり勝負。コース形状がロンシャン競馬場に似ているからか、欧州中距離血統がとにかく好走する。特にエリザベス女王杯ではここが重要な予想ポイントとなる。スローで前が残りやすい。とはいえ、逃げ切り勝ち自体は至難のコースでもある。"
08,芝,2400,,"今は日経新春杯と京都大賞典というGII重賞2つが行なわれているが、昭和から平成前半までは、もう廃止や距離変更になったレースなど、数々の重賞が組まれた重要コースだった。スタート地点は1角奥のポケットにあり、1角に入るまで600mもの間直線が続く。直線の間に隊列がほぼ決まって、流れが落ち着いたあたりが1角なので、ペースはスローになりがちだ。その後は2200mと同じ経路を辿ってゴールとなる。2200m以上にペースが落ち着くので、下り坂からマクってくる馬も少なくない。上級クラスほどそういう馬が出現するので、その場合は直線差し比べとなる。反対に1、2勝クラスあたりでは、スローの前残りになりやすい。"
08,ダート,1200,,"JRAのダート1200m重賞は中山のカペラSだけなので、大半のコースではOP特別が最上級となる。その中でも京都の1200mは、形状から前有利が顕著なコースである。スタートは向正面の2角を回った地点。200m弱の平坦直線部分を走ると、向正面の後半を占める上り坂が始まり、3角付近の頂点から一気に4角へ向けて坂を下り、あとは平坦の直線からゴールへ続く。最後の直線は329m。最大高低差はおよそ3mである。このように、スタート後まもなく坂があって序盤のペースが上がりにくいこと、それでいて下りや平坦の区間が長いことが、前有利の理由となっている。"
08,ダート,1400,,"向正面に向かって左手、2角奥の引き込み線の芝からスタートする。最大180m芝の上を走り、内へ行くほど芝の部分は短くなる。最短だと150mだ。ダートの部分に入ってからは、1200mとほぼ同じ経路を辿ってゴールとなる。ただスタートが芝になっていて、また坂までの助走区間が1F近く長くなるので、前半のペースが1200mより速くなることは珍しくない。下級条件ではそのまま押し切ることも多いが、上級条件では差しも届く。特に向正面が強めの向かい風になっているときは、なおさら差しが決まり易くなる。複勝率では枠の有利不利はほとんどないが、勝率ベースで見ると芝を長く走れる外枠のほうがやや有利だ。"
08,ダート,1800,,"今はみやこSしか重賞が行なわれていないが、OP特別は多数組まれている。関東馬でも中山の坂を苦手とする馬は、中山以外の関東圏にこの距離設定がないため、京都を狙って遠征してくる場合も多い。特に1月開催の京都では、このケースで穴が出やすい。スタンド前の直線半ばからスタートし、約280m走って1角のカーブに入る。2角を回ってからの経路や形状は1400mと同じだ。逃げ・先行馬に向いた構造になっていて、しかも砂質が軽めの京都のため、そのままスピードに乗って粘り込むことが多い。ただし1枠の逃げ・先行型はカーブまでに被せられるのを嫌い、やや無理をして出していくために最後失速しがちで、複勝率は外枠よりもかなり低い。なお、後方一気型にとってかなり不利なコースでもある。"
08,ダート,1900,,"マイナーコースでありながら、ユニコーンSと平安Sと重賞が2鞍組まれている。個人的にはユニコーンSは1800mがふさわしいと思うのだが……。スタート地点は1800mを100m後ろに下げただけで、経路はほぼ同じ。ただコーナーの入りが100m延びる分、ペースは1800mよりさらに緩くなりがちで、スローの前残りが目立つコースである。前述したユニコーンSの私見はここに理由がある。中枠の外目（5〜7枠）に入った先行馬の信頼度が高い。1800mよりも後方一気は決まりづらく、2024年のユニコーンSのラムジェットですらマクって動き、直線には4、5番手で入ってきての勝利だった。"
09,芝,1200,,"阪神は初秋の開催だけが野芝で、あとはオーバーシードで行なわれる。このコースは向正面中間地点の手前からスタート、3角までほぼ平坦、内回りコースに入ってなだらかな下り坂が始まり、直線半ば過ぎまで下ってゴール前に急坂を上るという形状。高低差は小さめの2mだ。なおコース図でおわかりのように、阪神は1角から2角のカーブが小さく、3角から4角へかけてのカーブは緩く広い。その分、直線へ入るときは、大げさにいうと直角的な曲がり方をすることになる。内回りの直線は350mで意外と長い。1200mは逃げ・先行の有利さが顕著だ。これはゴール直前まで平坦であること、ワンターンのカーブが緩くて、コーナーリングの減速度合いが小さくて済むことなどが理由と考えられる。"
09,芝,1400,,"スタート地点は1200mをさらに1F分、2角方向へ延長し、ポケットからコースへ進入する境目のあたりにある。内回りコースで、あとは1200mと重なる。コーナーまでの直線が443mと長いため、外から寄せられたり揉まれたりするリスクがなく、無理に前に出していく必要性が減る分、1200mに比べて内枠に入った逃げ・先行脚質の利が目立ってくる。枠順別の勝利数上位4つの枠のうち3つを、3枠以内が占めている。ただし、能力の高い逃げ・先行馬が揃いがちなOP特別や重賞、それもフルゲート近くになると、ペースが激化してしまうので、直線では差し・追い込み勢がよく飛んでくる。"
09,芝,1600,,"スタート地点は、1200mとほぼ近い。そこからは向正面の緩い坂を下って外回りコースに入り、少し坂を上る。その後は緩く下りながら4角へ差しかかり、それまでよりやや急な2段階目の下り勾配から直線へ。あとはゴール前の急坂を目指すことになる。外回りの最後の直線は474mで、右回りの競馬場としては最も長い。序盤に坂があるのと、コーナー部分が長いこと、さらに最後の直線も長くてゴール前に急坂があるので、スローペースになることが多い。それでも上級条件では差し競馬になりがちで、外からも届く。桜花賞を始め多くの重賞が行なわれていて、JRAの中では屈指の重要コースとなっている。"
09,芝,1800,,"スタート地点は、1600mを1F後ろに下げただけで、あとは同じとなる。外回りの3角に入るまで、665mもの間、直線を走ることになる。枠順の有利不利はほとんどなく、1800m戦の中では最もスローになりやすい。高低差も小さいので、大半のレースで上がり3Fのスパート勝負となる。前目につけられる馬の有利さが目立つが、前半の直線部分がかなり長いので、逃げた馬の直後や周囲に後続もついてきていて、精神的にプレッシャーをかけられ続けることも多い。そのためか、特に上のクラスでの逃げ切りは難しいようだ。"
09,芝,2000,,"スタート地点は正面スタンド前、4角を回って少し進んだ下り坂の途中である。スタート後も少し下ってから、ゴール前の急坂を一気に上り、そこからほぼ平坦の1角から2角のカーブを経て向正面へ入る。そして緩く下ってから内回りコースに入り、3角から再度緩く下り、4角を回ってスタート地点を通過し、ゴールへ向かう。スローになりがちで、前に行った組が有利。とにかく持続力がモノをいうコースである。枠の内外の不利はないが、なぜか4枠の複勝率がとても高い。この辺は、最初のコーナーが急なカーブで内枠は寄られ、外枠は振られると序盤に流れに乗り損ねるので、先行馬なら最もスムーズにコーナーに入れる枠ということではないだろうか。"
09,芝,2200,,"2000mと同じく内回りを使う。組まれている重賞は宝塚記念だけだ。スタート地点は2000mを1F下げて、4角奥のポケットにある。スタートからゴール前までは下り、ゴール前の坂を上ってからは2000mと同じ経路を辿る。宝塚記念は馬質も揃うので、例年前半が速くなるが、通常のこのコースのレースは序盤こそ速いものの、坂を上ってからはスローになり、ラスト4Fあたりからペースアップするというパターンが多い。後ろの馬に早めに動かれるので、逃げ切りは難しいコースである。好位から長く脚を使っての差しが決まりやすい。なお、枠の内外の有利不利はほとんどない。"
09,芝,2400,,"直線入ってまもなく、2000mと同じ地点からスタートし、緩く下ってからゴール板前の急坂を上る。そこからは緩く下って外回りコースに入って、緩い坂を上る。そこからは下りながら3角、4角を経て、スタート地点を過ぎてゴール前の上りに向かっていく。重賞は神戸新聞杯のみが施行されているコースだ。まず例外なくスローペースになるコースで、上がり3Fが速い競馬になる。決め手を持っていることが必須で、左右の周りの違いはあるが、東京2400mの好走馬とリンクする傾向がある。ただ前半がスローなので、後方一気の追い込みは難しい。"
09,ダート,1200,,"向正面入ってまもなくの地点からスタート。約200mの平坦区間を経て、そこから800mも続く緩い下り坂がゴール前の坂下まで伸びている。その下りの中に3角、4角があり、スタンド前の352mの直線へ入る。最後に坂を上ってゴールとなるが、最大高低差が1.6mと低めで、平坦コースに近い形状だ。先行勢がかなり有利となるが、後述する1400mと違ってダートスタートであることと、カーブまでの距離の違いにより、1400mよりも前半2F、3Fが遅くなることも珍しくない。なぜか内枠が不利で、1枠、2枠は勝ち切りが難しくなる。外枠寄りの先行馬が最も安定して走れる。ただし3勝クラス以上では差し馬の届く率が高まっていく。"
09,ダート,1400,,"向正面に向かって左手、2角奥にある引き込み線の芝にスタート地点がある。最内枠でだいたい150m、大外だと180m近く芝の上を走ってからダートに入る。そこからは1200mと同じ経路を辿ってゴールとなる。最大高低差は1200mと同じ1.6mだ。ただスタートが芝になっているし、最初のコーナーまで直線が540mもあるので先行争いが激化しやすく、前記のように前半のペースが1200mより速くなることも珍しくない。だから意外と差しも届く。さらに内枠の逃げ・先行馬が飛ばしすぎて失速してしまうのか、複勝率では外目の枠が優勢であり、勝率は8枠が最高となっている。外枠の好位差しタイプを狙うのが基本線のコースだ。また少頭数のレースは少なく、混戦が多い。"
09,ダート,1800,,"重賞はアンタレスSひと鞍が組まれているコース。スタート地点は正面スタンド前で、スタート後は短い下り坂だが、まもなくゴール板前の急坂を上って1角へ入る。あとは平坦と緩やかな下りが延々続き、1周してスタート地点を通過。最後はまたゴール前の坂を上っていく。1角前の坂を上ってから外の馬が急に内へ寄せていくこともあり、内枠の差し馬は位置取りが悪くなることがある。勝率では1〜3枠は外より低めだ。坂を上ってすぐカーブなので、前半のペースが上がりにくくスローになりがち。このため前有利の傾向があるが、上級条件になると、スローを外からマクる馬も出てきて、前に楽をさせないケースが目立つ。1勝クラス以下は前有利、2勝クラス以上では脚質不問としたい。"
09,ダート,2000,,"ダートの中ではレース数が少ないマイナーコースだが、重賞のシリウスSが組まれている。4角奥のポケット地点にある芝の上からスタートするが、内外で芝を走る距離に差がほとんどなく、芝を走るのがわずか80mのため、序盤のダッシュはあまりつかない。ダートに入ってからは、ほどなくして1800mのスタート地点に来るので、そこからは同じ経路を辿る。1800mよりは前半直線部分の助走区間が長くなるので、最初の坂を上るまでに加速がつき、ペースは流れやすい。それでいてトータルで急坂を2回上り、スタミナが問われるため、1800mで好走していた種牡馬があまりリンクしないのが特徴だ。"
07,芝,1200,,"高松宮記念が行なわれるコース。ただし直線の中ほどに坂があるので、上がりはそれほど速くならない。芝のスプリント戦は東京以外の競馬場で組まれているが、ラップ構成はそれぞれ異なる。スタートは向正面の直線に入ってまもなくの地点。緩やかに坂を上りながらのスタートで、そこから緩やかに下りつつ3角と4角を曲がる。直線中ほどに急勾配の上りがあり、そこからは200mほど平坦を走ってゴール。最後の直線は412mと長め。2、3枠の好成績に比べると、1枠の苦戦ぶりが目立つコース。上がりがかかるものの、前が有利となりがちだ。ただ高松宮記念だけは馬のレベルが違うので、天候にもよるが、外差しが決まりやすくなる年が多い。"
07,芝,1400,,"スタート地点は1200mをさらに1F下げて、向正面のポケット入口あたりにある。緩やかに上り、あとは1200mと同じ。最大高低差は3.5mある。コーナーまでの直線が380mあるが、あまり飛ばしてしまうと直線中間地点の坂と直線全体の長さが堪えるので、ペース配分がかなり難しいコースである。1枠の勝率が極端に低いこと、中枠の内寄りの3、4枠の複勝率が高いこともチェックポイントだ。また概して中京すべてのコースにいえることだが、追い込みは決まりにくい。脚の平均的な持続力が最も求められる距離だけに、1400mはいっそう、そのイメージがある。"
07,芝,1600,,"1角の側にある引き込み線奥からのスタートとなるコース。東京でいえば、2000mのスタート地点とほぼ同じような形状となる。そこから直線に近い走路をおよそ200m経て向正面に入っていくが、スタートからこの地点までは1600m戦でしか使わないため、常に芝の状態は良好と考えていい。だからスタート直後は、良馬場なら加速がつきやすい。そこから向正面中間地点の緩い上り坂に入り、次は長い下り坂を降りながら3、4角を回る。そして直線半ばの急坂を上って、平坦区間を経てゴール。枠の有利不利はあまりなく、またラップの上げ下げも小さい。持続力が中心となるコースだ。"
07,芝,2000,,"金鯱賞や中日新聞杯でおなじみのコースである。スタート地点は、スタンド正面の坂の途中にある。ここを上ってからは、しばらく直線。そしてカーブと平坦直線部分をおよそ600m走ってから、向正面の緩い上りに入る。次いで、長い下りの3、4角を経てスタート地点に戻り、坂を上ってから平坦の直線を経てゴールとなる。スタートが坂の途中のため、多くのレースがスローになる。また、固まって進み距離ロスが出るためか7、8枠の勝率が低い。4枠以内の逃げ・先行型がおおむね優勢である。後続の加速具合も、すぐに来る坂を意識してスパートが小出しとなるので、前にいる馬が脚を溜めやすい。他場の2000mとは違う独特の展開を生むコースだ。"
07,ダート,1200,,"向正面入ってまもなくの地点からスタート。そこから緩い坂を上り、3角手前からやや急な下り坂に入る。下りながら4角を回って直線に入り、中間の上り坂を経て、ほぼ平坦部分を200mほど走ってゴール。最後の直線は約410m。最大高低差は約3.4mあって、意外と起伏が大きい。スタート後が緩いとはいえ上り坂なので、前に行く組は苦しいかと思える。だが、ほどなく急な下りがやってくるので、直線の坂下までに後続も差を詰めるのが難しい。そして上りで多少詰めたとしても、上がってからが短めなので、前にいる組を差すのは大変だ。上級条件でない限りは、逃げ・先行馬がかなり有利なコースである。枠よりも脚質が成否を分ける傾向が強い。"
07,ダート,1400,,"1200mのスタート地点を200m下げて、向正面に向かって右手、2角奥にある引き込み線の芝にスタート地点がある。およそ200m近く芝を走ってからダートに入る。あとは1200mと同じ経路となるが、スタートが芝のために序盤のスピードが乗り、前半3Fが1200mよりも速まるケースがある。それでも前に行く組が優勢なことは変わらない。1枠だけが成績を落としているのは、芝の部分を走るのが短いことに加え、東京ダ1600mと近い形状なので、理由も同じだと思われる。それ以外の枠の有利不利は見られない。なお、2025年からは7月末に移ってきた東海S（プロキオンSと名称交換）が、このコース唯一の重賞として行なわれる。"
07,ダート,1800,,"GIのチャンピオンズCが組まれているコースだが、それ以外には重賞もなく、またOP特別も少なめで、どちらかというと中距離としてはマイナーといっていいだろう。正面スタンド前の上り坂途中からのスタート。いったん上って200mほど平坦、ゴール板を過ぎて緩い坂を上りつつカーブを切って向正面へ。そこからは延々下り坂に入り、3、4角を回ってスタート地点に戻ってくる。あとはゴールまで同じである。枠の有利不利は、あまりないコースといえる。また、以前は中京ダート1800mは前有利が定説となっていたが、実際のところは、その意識で積極的に行ってしまうと、起伏の多さでバテてしまうのか、差しもよく届いている。"
07,ダート,1900,,"1800mより100m下げたところからのスタートで、直線半ばの坂の下からダッシュしていくことになる。スタートしてすぐ上り始めるだけの違いで、あとは1800mと同じ。ただ、たった100mの違いでも、中盤の緩み方は1800mより大きく、先行馬が残ることが多い反面、中盤の緩みでついてこられるために、逃げた馬は格好の目標にされやすい。かつては代替の平安Sや、シリウスSが行なわれたコースだったが、通常開催では重賞は組まれていない。それどころか3勝クラス以上のレースもほとんどない。波乱もあまり起こらず、基本的には堅めに収まる傾向にある。"
04,芝,1000,,"日本唯一の直線競馬コースで、重賞はアイビスSDが組まれている。外回りコースの4角のはるか向こうから、ほぼ真っ平のコースをひたすら駆ける。基本的に1日ひと鞍だが、夏は組まれない日もある。外回りと合流するまでは、直線競馬でしか使わない部分を走り、内回りと合流するまでは、外回りと直線競馬でしか使わない部分を走り、それ以降はすべての芝で使う部分を走るので、三段階で使用頻度が高くなり、開催後半はゴールに向かって芝が荒れていく。また外枠有利はもう広く知られている。基本的に海側からの緩やかな向かい風の中を走る直線競馬だが、天気が悪いときは真逆となることが多く、時計差が開く。なお新潟は通年、野芝で行なわれる。夏が最も根付きがよくて時計が出る。次いで開催が7カ月ぶりとなる春、そして秋が最も時計が出づらい。"
04,芝,1200,,"2角を回って向正面に入った地点がスタート。3コーナーのカーブまで450m近い直線を走り、内回りコースに入る。スパイラルとはいえ、急なカーブを経て直線へ。内回りではあるが、最後の直線はおよそ360mあり、これはローカル場の1200mでは最も長い。高低差はわずかにあるが、ほとんど平坦と見なせるコースだ。唯一の平坦で左回りのスプリントコースであり、ここを狙ってくる巧者も多い。枠の有利不利はあまりない。逃げ・先行が有利だが、下級条件中心に組まれているコースなので、それほど力のある逃げ・先行脚質の馬が少なく、単に飛ばしてバテてしまって、直線で押し出されるように差し馬が浮上するシーンもよく目にする。春夏開催の前半は別として、それ以外の時期は芝の内目が荒れてくることもあり、好位や中団あたりから差せる馬を狙うのが得策かもしれない。"
04,芝,1400,,"1200mのスタート地点を1F下げて、向正面の右手奥にあるポケットからのスタートとなる。カーブまでの距離は、1200mからさらに延びておよそ650mもある。あとは1200mと同じだ。前半の直線が長いため前傾ラップになりがちだが、さすがにこれほどカーブまでの直線が長いと、コーナーに差しかかる前あたりから一度息を入れて緩むことが多く、最後の直線に入って再加速するので、1200mよりも前が残りやすい。ただ開催後半や上級クラスでは、その限りではない。枠はやや内目が優勢だが、14頭立て以内ならそれほど大きな差はないと考えていい。朱鷺Sや信越S、2歳ではダリア賞などのOP特別も組まれている。上級クラスでは、東京芝1400mでの好走歴のある馬が、リンクして好走するケースも目立っている。"
04,芝,1600,,"関屋記念、新潟2歳Sと2つの重賞が行なわれているコースだ。スタート地点は向正面の中間付近。そこから300mほど直線を走った後、外回りコースへ入っていく。それと同時に緩い上り坂が始まり、3角を曲がったあたりが頂点。そこから4角へ下りながらカーブを曲がり、外回りの直線に入ってからは、ほぼ平坦だ。最大高低差は2mある。外回りのスタンド前の直線は659mで、これは日本一長い。直線に入ってもまだ追い出しを我慢するのが常で、そのため仕掛けのタイミングがすべてとなる。関屋記念で見られるように、前付けできてかつ速い上がりを使える馬が、特に夏開催前半の狙い筋。だが、開催後半には一転、外差しとなることが多い。枠は5枠から外が複勝率ベースではやや有利だ。"
04,芝,1800,,"1600mのスタートから1F下げて、向正面に入ったあたりから始まる。だいたい1200mと同じスタート地点である。外回りへの分岐点まで400m近く平坦区間を走ってからは、3角に向かう緩やかな上り坂へ。あとは1600mと同じだ。3角カーブまでの直線はおよそ750mとかなり長い。そのため、前半3Fは下級条件でも速くなるが、そのままではスタンド前の長い直線がもたないので、3角過ぎからいかに息を入れつつ坂を下っていくかが大きなポイントになる。高速上がりになるが、1600mよりは前が残りにくい。また馬場を使い込んで内が荒れてくれば、外差し一辺倒になる。紛れがあまり出ないコースで、複勝回収値の低さがそれを表している。"
04,芝,2000,内,"スタートは外回りと内回りの合流点から少し進んだあたり。そこから内回りコースを1周し、360mの直線を走ってゴール。高低差はほぼない。組まれているレースの多くが未勝利戦なので、スローで流れることが多い。そして理由はよくわからないが、2枠と3枠が極端に勝てず、また2枠と4枠は複勝率が低い。つまり、内目の枠が苦戦する傾向が強いのだ。左回りの平坦小回りで、直線短めの2000mはこのコースだけなので、ここで新馬戦や未勝利戦を勝っても、後にはつながらないケースも多い。左右の回りを苦にしないタイプなら、ローカル中距離で上のクラスでも戦えるようになるが、出世するケースはほとんどない。秋開催は芝が荒れやすいためか、内回りのスローでも差しが届きやすくなる傾向がある。なお新潟には内回りの2200、2400mもあるが、紙幅の都合で割愛する。"
04,芝,2000,外,"新潟記念と新潟大賞典が行なわれるコース。2000mのワンターンはここだけだ。このコースは古馬戦（3、4歳以上）しか組まれていない。向正面右手奥のポケット、1400mと同じ地点からスタートし、3角のカーブまで、延々948mの直線を走る。外回りコースのため、3角手前からは上り坂、次いで下って直線に入っていく。これほど直線が長いと、さすがに前半はスローになる。ただ、3角前の部分でやや位置を取りに行く馬が出てきてペースが上がり、坂で緩んで、直線は上がり勝負。逃げ切るのは至難の業で、基本的には中団あたりからの差しが優勢。ただし重賞になると、大外から一気の追い込みが決まることもある。枠の有利不利は、そのときの馬場の状況による。開催後半で外差し馬場なら、外枠の差し馬の利が当然大きくなる。"
04,ダート,1200,,"向正面の右手奥のポケット、芝の上からのスタートとなる。芝の上を100m少し走ってからダートに入る。3角まで525mもの間、平坦な直線を走って急カーブ。4角を回り、354mのスタンド前の直線に入ってゴールとなる。この直線の長さは、JRAでは東京、中京に次ぐもので意外と長め。高低差はほぼなし。ダートでほとんど高低差がないのは新潟と札幌だけだ。スタート地点が芝であること、前半の直線が長いこと、カーブが急で息が入ること、平坦であること、砂質が軽いことなどが相まって、逃げ・先行馬の有利が際立っている。上級クラスになると、ヒモには差し込みも目立ってくるが、下級条件では、直線に3、4番手以内で入ってくる馬同士の決着になりやすい。"
04,ダート,1800,,"3歳重賞のレパードSが行なわれるコース。正面スタンド前の直線に入った場所からスタートする。そのまま平坦な直線を経て、コーナーから向正面へ。わずかな上り坂はあるが、ほぼ平坦のまま進む。1周してスタート地点を通過し、またスタンド前の直線を走りゴールとなる。新潟というと、広いイメージを持つかもしれないが、直線は多少長めとはいえ、コーナーのきついカーブを考えると小回りコースと見たほうがいい。そのカーブが2回あるため、逃げ・先行馬は息を入れやすい。ただ、かつては前有利が定説だったものの、ここ1、2年は差しも遜色なくなってきた点には注意。また枠については外が有利、内が有利というよりも「外枠が不利にならないコース」と認識しておきたい。なお新潟ダートには1000m、2500mもあるが、レース数が極少のため除外した。また1700mも取れるが今は施行されていない。"
03,芝,1200,,"福島芝は通年オーバーシードで行なわれる。上の起伏図を見てお気づきになると思うが、福島は意外と坂が多く、いわゆる「ローカル＝平坦」のイメージとは異なることに注意したい。スタート地点は向正面左手奥のポケットで、そこから200m弱平坦を走った後、勾配が急な坂を2m上っていく。そこからは平坦が続き、4角手前から下りが始まる。緩く下りながら直線に入り、ゴール前200mから緩い坂を上ってゴール。最低高低差は2m。向正面の上りのほうが、ゴール前よりも少し急になっている。最後の直線は292mしかない。基本的には前有利だが、ただ起伏が多いので、馬場が荒れたり渋ったりすると1200mでも急に差しが届くようになる。また内枠有利が明確に出ている。"
03,芝,1800,,"ラジオNIKKEI賞と福島牝馬Sの2重賞が組まれているコースだが、それ以外は主に下級条件で使用されている。スタート地点は正面スタンド前の直線、坂の下からだ。緩い坂を上ってすぐ下りに入って1角を回り、平坦区間に入って一度ペースが落ち着いてから2角を迎える。カーブを切って向正面に入ると、まもなく急な上り坂があり、そこからはしばらく平坦。4角から下り坂が始まり、そしてスタート地点に戻り、緩い上り坂を経てゴールとなる。スタートしてから1角までは305mあって、小回りコースとしては長い。その分、やや前半のペースは流れる。さらに起伏が多いからか、逃げ切りは小回りにしては多くない。また、なぜか1枠だけ成績が低い。開催末期、あるいは秋開催では外差しがよく決まるので、そのあたりが反映しているのかもしれない。"
03,芝,2000,,"重賞では福島記念、七夕賞が行なわれているコースだ。スタート地点は1800mから1F下げて、正面スタンド前の右手奥にあるポケットからのスタートとなる。この地点は福島競馬場で最も高度が高い。そこから1800mのスタート地点に来るまでは緩い下り坂で、あとは1800mと同じ経路となる。1角までの直線部分が500mと、福島のイメージとまったくそぐわないほど長いことには要注意。しかも下りが長いので、序盤のペースは流れる。向正面の平坦に入るあたりで落ち着くが、3角からはまた上っていくので、意外とスタミナ、パワーが必要な難コースだ。1800m同様、馬場が荒れる時季には外差しやマクリがよく決まる。通年集計だと、1枠の成績がかなり低いことも1800mと共通している。"
03,芝,2600,,"向正面の急な上り坂からスタートし、コースをちょうど1周半する設定となる。勾配の差こそあれ、高低差2mの坂を4回上り下りするという消耗度の大きなコース。OPや3勝クラスは組まれておらず、高額条件も奥の細道Sや信夫山特別など2勝クラス止まりで、基本的には古馬1勝クラスと未勝利戦を中心に使用される。スタート後、正面スタンドに入るまでの間に縦長になることが多い。これはスタートから最初のコーナーまでの直線が短く後続が外へ振られること、1周目の3角を回ってから下りが続くことなどが理由だろう。なおコーナーが多いので、枠の有利不利というよりも内を通れる馬が有利。ただし坂も多いため、逃げた馬にとっては厳しくなり、マクリもよく決まる。"
03,ダート,1150,,"向正面左手奥のポケット、芝からのスタートとなる。およそ200m近く芝を走ってからダートに入る。スタート後は、かなり緩いものの上り坂が続き、そこからは4角まで平坦、少し坂を下って直線半ばから緩い上り坂。最大高低差は2mある。なお福島ダートの最後の直線は295m。緩い上り坂とはいえ、スタートが芝、そして3角まで500m近く直線を走ることから前半の流れは激化しやすい。基本は前に行く組が有利とはいえ、差しも届く展開になる。芝の部分を最も長く走れる8枠が有利といわれ、実際にそうなってはいるのだが、それはあくまで1枠との比較であって、2番目に芝を長く走れる7枠はむしろ不振。また3、4枠の成績もよく、外に行くほどよいというわけではない。あくまで最内と比べると大外のほうがプラスになるという見解だ。"
03,ダート,1700,,"福島民友Cなど、OPのレースも組まれるコース。スタートは正面スタンド前の坂の下。スタートから緩く坂を上り、1角へ向かって下っていき、2角からは緩い上り坂。向正面中間地点から4角手前までは平坦で、そこから緩く坂を下り、スタート地点を過ぎて直線途中から緩く坂を上っていく。こちらも最大高低差は2mだ。一気に加速をつけて上る坂ではなく、緩いダラダラとした坂が2カ所あるので、最後の上がりは意外とかかる。ただ、それでも前がつかまりにくい。逃げ・先行脚質がかなり有利なコースといえる。また枠による成績の差はあまりつかない。前半で後方に位置する馬は、4角手前の平坦からマクり上げる必要がある。それができる馬でない限りは、前に行ける馬から素直に馬券を組むべきだろう。"
10,芝,1200,,"ローカルといえば平坦の印象があるが、福島ほど起伏があるわけではないにせよ、小倉も実は高低差があるコースだ。ただ福島とは違って、直線は完全に平坦である。芝1200mは、向正面左手奥のポケットからスタート。この地点は小倉で最も高度が高い。スタート後はごく緩い下り坂。向正面中間から3角までは平坦で、そこまでは480mの直線が続く。3角から直線にかけて、やや急な坂を下りながらカーブを切る。4角途中から平坦となり、そのまま最後の直線291mを経てゴールとなる。ローカルの芝1200mにしては珍しく、外枠の有利が顕著なコースだ。これはフルゲートでも変わらない。スタート後の形状が前記の通りなので、テンの3Fはほぼ例外なく速くなる。"
10,芝,1800,,"正面スタンド前の直線、やや1角寄りの地点からスタート。270mほど走ってカーブに入る。緩めの坂を上りながらコーナーを曲がり、2角のコース最高度地点に差しかかる。そこからは1200mと同じ経路を辿り、下り坂、平坦、下り坂、平坦と加速しやすい形状を経てゴールへ向かう。距離的にほぼ芝コース1周分となる。スタート後ほどなくしてカーブとなるうえに、上り坂があるので、序盤のペースは上がらずスローになるのが普通。そこからは下りや平坦が続くので、後半のペースが上がっていく。前有利で、枠の有利不利は少ないコースだ。ただしロングラン開催の冬場の後半は内が荒れてくるため、上級条件なら外マクリや追い込みも届き、外枠の差し馬に利が出ることもある。"
10,芝,2000,,"1800mのスタート地点から1F下げて、正面スタンド前の右手奥にあるポケットからスタート。1角までは平坦部分を走り、その後は坂を上っていく。あとは1800mと同じ経路となる。スタートから1角までの直線は472mと長い。カーブまでの距離があり、1800mよりもテンは速くなることが多い。その分、上り坂を経ての向正面の緩み方は大きく、3角の平坦と下りを経てまた急に上る。ラップのアップダウンがハッキリしていて、息を入れられる分、逃げ・先行馬の不利も小さい。その反面、マクりやすくタイミング次第では後ろの馬も前にプレッシャーをかけられる。展開が定まらない難コースだ。枠は外が不利とまではいえないが、内枠のほうが有利。特に夏開催の良馬場では、その傾向が強まる。"
10,芝,2600,,"基本的に古馬2勝クラス以下が組まれている。夏開催の最終日、最終レースでおなじみとなっているコースだ。スタートは向正面の平坦部分、緩い下り坂の手前。そこから緩く下り、3、4角を経て平坦の直線へ。ゴール板を通過し1角からは上り、2角最高地点から平坦に移って、スタート地点を通過。以下同じ経路でゴールまで走る。つまりコースを1周半する設定だ。高低差が3mあるだけに、この距離ではさすがに小回りコースでもスタミナがかなり問われる。ただ、コーナーを曲がりながら最高地点へ上るわけで、つまりペースが緩む物理的条件が1カ所に重なることになる。だから、ラップ自体はそれほど複雑にアップダウンするわけではない。概してスローからのラスト600〜800mのマクリ勝負となる。また斤量軽めの馬が好走しやすい。減量騎手にも要注意で、騎手別の成績上位に今村騎手や松本騎手が入っていることからも明白だ。"
10,ダート,1000,,"2角を回り向正面の直線に入った地点からのスタート。緩い下り坂の途中にゲートがあり、緩く下って平坦、また緩く下って3角を回る。この後が変わっていて、4角を回る直前からゴールまでは、かなり緩い傾斜とはいえ勾配1mの上り坂になっているのだ。最後の直線は291m、最大高低差は2m。スタートから下っていくだけに、とにかく前半のラップは上がる。ヒモに追い込みが入ってくることもあるが、基本的には飛ばした馬たちの脱落戦となり、3角過ぎまでにハナを取り切った馬が粘り込むことが多い。昔から1枠不利が定説となっているコースで、今も勝率では最も低い。ただ複勝率では見劣らず、一概に軽視するのは危険。アタマに置くかどうかの目安程度に考えたい。"
10,ダート,1700,,"直線に入って間もなく、ごく緩い上り坂の途中からスタート。緩く上って、1角を回るとそこから急になっている坂をさらに上る。2角手前で最高地点に達し、そこからは急に下っていったん平坦、3角から下り坂に入って、4角の最も低い地点を通過すると、直線ではごく緩い上り坂がゴールまで続く。スタート後は位置取りが激しくなることが多く、序盤は緩まない。これはコーナーを回ってからの上り坂で息を入れたいために、カーブが来る前に位置を取りたいという意識からだろう。その後はペースが一気に緩む。息を入れて惰性で坂を下っていくイメージで、ラストで再加速して前が粘る競馬が多いが、マクリも決まりやすい。夏場は暑さもあるのか、序盤に無理をした馬がラストで捕まるシーンも目立つ。なお8枠の成績がよい。"
01,芝,1200,,"札幌芝は洋芝で施行。年間6週しかないので、よほど雨にたたられない限りは、昔のように開催後半に芝が劣化することはなくなってきた。芝1200mはキーンランドCが行なわれるコース。向正面・左手奥のポケットからスタートし、3角までほぼ平坦な直線が410mと意外と長く続く（わずかな上り傾斜あり）。そこからは4角までわずかに下って、すぐに平坦となりスタンド前へ。正面の直線は266mしかなく、これは小倉や福島より30mも短い。最大高低差は1m以内なので、全周平坦扱いとする。この競馬場のポイントは、3角から4角へかけてのカーブがかなり緩くて大回りとなっていること。そのためコーナーで大きく減速することがなく、ペースの緩みどころがレースごとの逃げ・先行型の頭数＝展開によって異なる。スタート後の長い直線でペースが上がると、落ちないまま直線に入って失速しやすい。その反面、単騎でハナなら1200mにしてはペースを操りやすい。基本的に力のある逃げ馬にとっては歓迎すべきコースだ。"
01,芝,1500,,"札幌にしかない距離設定で、正面スタンド左手、1角奥にある引き込み線からスタート。やや斜めの直線区間をわずか170mだけ走ると、直角に近い急カーブを曲がって向正面へ入っていく。その後の経路は1200mと同じになる。1200mとは異なり、高低差があるコース。全体の平面図は、坂は別にして中山マイルと似ており、現に札幌1500mでの実績馬は中山マイルも得意とするケースがとても多い。これは両方のコースの予想で筆者が重宝しているポイントだ。フルゲートは14頭と少ないが、それでも外枠の不利は顕著で、勝率は8枠がワースト、次いで7枠の順に低くなる。だが複勝率はともにそれほど悪くなく、一概に軽視はできない。またスタート後すぐにカーブなので、内目の枠に入った逃げ・先行馬の連対がとにかく多い。正直な話、適性や能力よりも枠と脚質のほうが重要な、トリッキーコースである。"
01,芝,1800,,"クイーンSと札幌2歳S、重賞2鞍が組まれているコースだ。正面スタンド前、直線のほぼ中間地点からスタートし、ほぼコースを1周してくる。最初のコーナーまでは180mしかないが、それほど先行争いは激しくならず、スローに近い流れになるのが定番。後半でペースアップしていくが、マクリはともかくとして、追い込みは馬場悪化でもないと厳しい。基本的に前が残りやすく、逃げ切りもかなり目立つのが特徴だ。内枠も有利で、特に1枠の勝率と複勝率は断トツ。ただし道悪になるとその限りではなく、内がダメというより外からの好走が増えてくる。起伏が小さいといっても、洋芝オンリーの札幌だけに、中距離になるとパワーへシフトする。そのため、全体時計はそれほど速くならない。ただ決して小回りではないので、このコースの2歳戦で好走した馬は、東京や京都、阪神の外回りコースでの活躍へつなげていくケースも多い。"
01,芝,2000,,"夏競馬最大のレース、札幌記念が組まれているコースだが、重賞はこれだけである。スタート地点は1800mを1F下げて、スタンド前の4角奥にあるポケットからとなる。1800mに1F分、平坦な直線を付け足しただけで、あとは同じ。1角までの距離が380mあり、1800mに比べると加速がつきやすい分、序盤のペースはやや速め。だが1角以降は大きく落ちて、やはり前が有利になり、後ろに位置する馬はマクってこないと厳しい点は同じだ。1枠の成績が高い点も1800mと同じ。洋芝なので時計はそれほど速くならず、レコードタイムは1分58秒6（2024年現在）。これはJRA全場の中で下から2番目だ。ただし、時計が遅くても高齢馬は苦戦するコースで、6歳以上の連対率は近5年で5％台しかない。OPなら6歳は大丈夫だが、例えば札幌記念で7歳馬の勝利となると、2000年まで遡る。"
01,芝,2600,,"重賞は組まれていないが、札幌日経オープンや丹頂SなどのOP特別でおなじみだ。年間で8、9鞍しか組まれていないので、サンプルが少ないことをお断りしておく。スタートは向正面の中間地点。そこから平坦コースをほぼ1周半する。最初のカーブとなる3角までが165mしかないが、先が長いのでそれほど序盤の位置取りは激しくならない。スローで淡々と流れて、ラスト4Fの勝負となる。コーナーが多いから8枠は不利になりそうなものだが、繰り返しているように3、4角のコーナーが緩く、振られにくいこともあり、その勝率は近5年で2位である。特に8枠の逃げ・先行馬は内へ寄せていくので、内枠の馬が最初のカーブで絞られる分、有利でさえある。古馬混合戦では3歳馬の成績がとてもよい。これは菊花賞を意識して、春に遅れていたステイヤーの素質馬が出てくるケースが多いからだろう。"
01,ダート,1000,,"向正面に入ってまもないところからのスタート。そこから3角に向けて、ごくわずかな上りではあるが、ゴールまでは平坦と見なせるワンターンコースだ。最後の直線は264mとかなり短い。ハイペースになることが多いものの、馬場状態に関わらず前が止まらない。オーバーペースに乗じて追い込んでこようとしても、大半が3着までとなる。注目は、7枠の成績が突出して高いこと。スタートしてから外枠の逃げ・先行馬は内へ寄せていくが、3角までが280mと短く、隊列ができる前にカーブが来るため、内の馬はハナに立ち切らない限りは寄せられて進路が狭くなりがちだ。一方、大外の8枠となると、馬群がバラける前のカーブで外へ振られる距離ロスが出るということではないだろうか。2勝クラスも年に1、2鞍組まれるが、基本的には1勝クラスと未勝利戦のコースだ。フルゲートはわずか12頭の設定である。"
01,ダート,1700,,"重賞ではエルムSが行なわれるコース。正面スタンド前の直線に入ったあたりからスタートする。スタート地点は札幌のダートで最も低い地点で、3角手前の最高地点を通過するので、1000mとは違い最大高低差は一応1mとなる。1周してスタート地点を通過し、またスタンド前の直線を走りゴール。スタート後、240m直線を走ってからカーブと短いが、先行争いは激しくならないことが多い。ここで競り合った場合、外から行っている馬のコーナーロスが大きくなるためだろう。向正面の後半からペースが上がり、直線へ向くまでの区間で押し上げる馬が目立つ。前有利ではあるが、前半で後方にいても早く動けば届くコースだ。なお、最初のカーブと後半のマクリで外から押圧されるため、1〜3枠の成績はやや低い。札幌ダートには2400mも組まれているが、レース数がごく少ないため省略する。"
02,芝,1200,,"函館は洋芝のみのコースである。ローカルの中では高低差が大きい。1200mのスタート地点は向正面の左手奥のポケット。そこから3角過ぎの最高地点まで、3mの上り坂をダラダラと緩やかに上っていく。4角手前からは下りに転じ、直線入って間もなく平坦になりゴール。最後の直線は262mで、芝では全場で最も短い。1200mの最大高低差は3mだ。スタートしてからコーナーに入るまでは約490mと、こちらは長い。よってスプリントコースにしては、小倉と同じく外枠の不利があまりない。覚えておくべきは、開催前半はとても時計が出ること。函館スプリントSでは1分6秒台が出ることもある。前半飛ばしすぎたことで最後は内ラチ沿いがバテた馬により渋滞し、外からの差しが決まることも珍しくないレースだ。函館2歳Sの時期には天候不順になることが多く、今度は馬場が荒れることで外差しになりがち。ただ直線の短さのため、後方からの追い込みではほぼ勝ち切れない。"
02,芝,1800,,"重賞は組まれていないが、伝統のOP特別・巴賞でおなじみのコースである。スタートは正面スタンド前の中間地点あたり、緩い下り坂の途中からとなる。そこから平坦区間を少し走ってゴール板を通過、1角からまた下りに入り、向正面入口まで続く。そこからは1200mのスタート後と同じコースに入って緩やかな上り坂が延々続き、3角からは下り坂。4角を経てスタート地点を通過しゴールとなる。最大高低差は3.5m。スタートして1角のカーブに入るまでが276mしかないので、下り坂が多くても序盤のペースはまったく上がらない。さらに隊列が落ち着こうかというあたりから上りが始まるので、前半はかなりスローになる。前有利で、後ろの馬はマクらないと厳しい。ただし開催後半で道悪になれば、話は別。外差しがよく決まる。またスタート後の形状から、最内1枠は不利がハッキリしている。"
02,芝,2000,,"函館記念が組まれているコース。1800mのスタート地点を1F下げて、正面スタンド前の右手奥にあるポケットにゲートが置かれる。1800mのスタート地点に来るまでは緩やかな下り坂だから、下っている区間が丸々200m長くなるわけだ。1角までの距離が476mとかなり長いので、1800mよりも前半のペースはずっと速くなる。距離が延びるから緩くなると考えるのは間違いのもと。だから逃げ切りは難しいコースだが、追い込みも決まりにくく、流れに乗っての先行か好位からひと脚、というのが上位に入る運び方となる。スタート後の直線が長くなるので、1800mで出ていた1枠不利の傾向は消える。余談をひとつ。今もサッカーボーイが函館記念でマークした1分57秒8のレコードが残っているが、これは当時、函館でも野芝が使われていたことが最大の理由だ。洋芝ではもう破られないだろう。"
02,芝,2600,,"向正面の中間点付近、上り坂の途中からスタート。3角に向けて緩い上り坂が続き、そこから延々下って一度平坦、また下って正面スタンド前。ゴール板を過ぎてさらに下り、2角から上りが始まってスタート地点を通過。あとはゴールまで前述の通り。コースを1周半する設定だ。3.5mの高低差を2回経由することになる。スタートから最初のカーブとなる3角までが263mしかなく、しかも長距離戦なので、例外なくスローペースとなる。2週目中盤までレースは動かず、後半が速くなる持続力特化コース。勝率で見ると8枠はコーナーが多いので不振だが、複勝率では枠の差はあまりない。札幌より水捌けがよくないので、道悪になると長距離だけにかなりのパワーを要する。外差し馬場になっても、この距離だけは差すのは困難だ。なお函館の芝では他に1000m、1700mのレースも施行されるが、レース数がごく少ないために省略した。"
02,ダート,1000,,"向正面に入ってまもないところからのスタート。そこから3角へ向けて、緩い勾配で3mの上り坂がある。4角手前から直線に入ってまもなく下り、あとは平坦になりゴールへ。最後の直線は260mで芝よりもさらに短い。もちろんJRA全場で最短である。スタートから3角のカーブに入るまでは366m。札幌と同じ理由からワンターンの短距離ダートにしては、外枠が不利にならない。ただ札幌は7枠が突出してよかったが、函館ではそこまでの差は出てこない。おそらく札幌より向正面の直線が長い分、内への寄せが厳しくならないからだろう。好走は圧倒的に逃げ・先行脚質が有利である。2勝クラスは年に1、2鞍。札幌同様、基本的には1勝クラスと未勝利戦のコースだ。フルゲートも同じで12頭の設定。"
02,ダート,1700,,"以前は重賞も施行されていたが、今はOP特別が最上級だ。スタートは正面スタンド前、直線入ってまもなくの地点。しばらく下り坂と平坦が続き、1角過ぎの高度最低地点を経て向正面に入って長く緩い上り坂。あとは1000mと同じで、4角前から下り、スタート地点を通過してゴール。高低差は1000mよりやや大きく3.5m。函館の中では芝を含め、最も多くのレース数が組まれている。スタート後からカーブまで329mあるので、札幌よりはややペースが速くなる。ただ、向正面に入ってからの上りで流れが落ち着くうえに、直線がかなり短いため、前に行く馬が有利。枠順成績は4枠がとても低く、隣の5枠が高いという不思議な結果。理由は不明だが、前に行ける馬なら、あまり枠を気にしなくていいのかもしれない。なお函館ダートには2400mも組まれているが、レース数がごく少ないため省略する。"
